date,temp,humidity,radiation,precip,location,hemisphere
2021-01-01,5.01,68.9,208.86,0.96,Madrid,north
2021-01-02,6.91,69.17,210.36,0.0,Madrid,north
2021-01-03,6.39,68.52,211.97,0.77,Madrid,north
2021-01-04,6.17,71.05,213.7,3.14,Madrid,north
2021-01-05,7.47,70.48,215.55,0.0,Madrid,north
2021-01-06,4.35,71.18,217.51,3.38,Madrid,north
2021-01-07,6.68,69.44,219.58,2.04,Madrid,north
2021-01-08,3.92,68.43,221.76,1.97,Madrid,north
2021-01-09,8.8,68.79,224.06,1.77,Madrid,north
2021-01-10,7.77,73.91,226.47,0.0,Madrid,north
2021-01-11,8.64,62.42,228.98,0.0,Madrid,north
2021-01-12,6.52,65.41,231.61,2.6,Madrid,north
2021-01-13,9.29,63.88,234.35,2.54,Madrid,north
2021-01-14,6.19,69.52,237.19,0.62,Madrid,north
2021-01-15,8.65,74.02,240.15,2.18,Madrid,north
2021-01-16,9.36,73.14,243.21,1.9,Madrid,north
2021-01-17,7.64,66.27,246.37,0.33,Madrid,north
2021-01-18,10.13,68.56,249.64,4.96,Madrid,north
2021-01-19,7.73,64.27,253.02,2.36,Madrid,north
2021-01-20,12.45,72.23,256.49,2.46,Madrid,north
2021-01-21,12.69,69.17,260.07,0.0,Madrid,north
2021-01-22,9.01,74.34,263.75,0.0,Madrid,north
2021-01-23,10.38,70.77,267.53,0.57,Madrid,north
2021-01-24,12.0,72.33,271.41,4.82,Madrid,north
2021-01-25,12.04,66.29,275.38,0.17,Madrid,north
2021-01-26,9.37,74.01,279.46,0.16,Madrid,north
2021-01-27,11.14,72.9,283.62,0.0,Madrid,north
2021-01-28,10.93,59.84,287.88,0.0,Madrid,north
2021-01-29,10.62,71.02,292.23,2.93,Madrid,north
2021-01-30,11.96,70.13,296.68,1.31,Madrid,north
2021-01-31,14.41,73.17,301.21,1.46,Madrid,north
2021-02-01,10.46,73.1,305.83,1.62,Madrid,north
2021-02-02,15.18,68.3,310.54,4.04,Madrid,north
2021-02-03,12.25,76.28,315.34,1.2,Madrid,north
2021-02-04,12.17,62.53,320.22,0.79,Madrid,north
2021-02-05,16.29,72.11,325.18,2.05,Madrid,north
2021-02-06,8.93,71.43,330.22,1.84,Madrid,north
2021-02-07,12.82,64.58,335.35,0.99,Madrid,north
2021-02-08,17.61,62.28,340.55,0.36,Madrid,north
2021-02-09,17.12,65.16,345.83,0.45,Madrid,north
2021-02-10,14.83,61.01,351.18,1.3,Madrid,north
2021-02-11,12.45,71.47,356.61,0.98,Madrid,north
2021-02-12,19.67,68.26,362.11,2.94,Madrid,north
2021-02-13,12.73,66.06,367.68,1.42,Madrid,north
2021-02-14,19.07,58.07,373.32,2.37,Madrid,north
2021-02-15,16.99,73.95,379.03,1.96,Madrid,north
2021-02-16,16.14,63.47,384.8,0.0,Madrid,north
2021-02-17,16.66,64.91,390.63,3.75,Madrid,north
2021-02-18,15.28,67.26,396.53,0.0,Madrid,north
2021-02-19,15.93,66.75,402.49,2.05,Madrid,north
2021-02-20,19.85,65.0,408.51,0.0,Madrid,north
2021-02-21,18.09,67.58,414.58,1.57,Madrid,north
2021-02-22,16.0,70.43,420.71,1.01,Madrid,north
2021-02-23,19.02,70.9,426.89,1.7,Madrid,north
2021-02-24,18.41,75.06,433.12,1.2,Madrid,north
2021-02-25,17.47,64.61,439.4,2.81,Madrid,north
2021-02-26,18.51,66.4,445.73,2.42,Madrid,north
2021-02-27,17.46,54.92,452.11,1.24,Madrid,north
2021-02-28,19.16,60.26,458.53,1.96,Madrid,north
2021-03-01,20.13,58.06,464.99,1.5,Madrid,north
2021-03-02,18.73,55.36,471.49,1.4,Madrid,north
2021-03-03,19.24,58.78,478.03,1.47,Madrid,north
2021-03-04,20.51,59.35,484.61,1.31,Madrid,north
2021-03-05,21.76,58.4,491.22,1.27,Madrid,north
2021-03-06,19.94,73.02,497.86,0.0,Madrid,north
2021-03-07,21.52,59.87,504.53,0.68,Madrid,north
2021-03-08,24.13,61.08,511.23,3.43,Madrid,north
2021-03-09,19.63,62.59,517.96,0.21,Madrid,north
2021-03-10,19.33,60.85,524.71,0.44,Madrid,north
2021-03-11,21.3,49.72,531.48,3.05,Madrid,north
2021-03-12,20.75,68.66,538.28,0.0,Madrid,north
2021-03-13,21.85,75.47,545.09,0.0,Madrid,north
2021-03-14,18.45,56.61,551.92,1.26,Madrid,north
2021-03-15,23.01,65.49,558.76,0.45,Madrid,north
2021-03-16,18.59,56.56,565.61,2.06,Madrid,north
2021-03-17,22.89,48.64,572.48,0.68,Madrid,north
2021-03-18,24.93,68.74,579.35,1.3,Madrid,north
2021-03-19,22.91,51.59,586.23,0.0,Madrid,north
2021-03-20,22.55,59.99,593.11,1.29,Madrid,north
2021-03-21,21.66,51.39,600.0,0.0,Madrid,north
2021-03-22,20.46,60.05,606.89,0.0,Madrid,north
2021-03-23,22.26,58.76,613.77,2.18,Madrid,north
2021-03-24,23.22,61.19,620.65,0.26,Madrid,north
2021-03-25,21.73,52.48,627.52,2.13,Madrid,north
2021-03-26,25.35,57.96,634.39,3.83,Madrid,north
2021-03-27,23.44,58.29,641.24,0.92,Madrid,north
2021-03-28,23.19,66.44,648.08,2.03,Madrid,north
2021-03-29,20.97,52.52,654.91,1.01,Madrid,north
2021-03-30,25.46,47.44,661.72,0.0,Madrid,north
2021-03-31,20.21,53.49,668.52,0.51,Madrid,north
2021-04-01,24.83,49.66,675.29,0.0,Madrid,north
2021-04-02,20.22,54.82,682.04,0.9,Madrid,north
2021-04-03,26.36,56.78,688.77,0.41,Madrid,north
2021-04-04,27.19,51.81,695.47,0.0,Madrid,north
2021-04-05,23.55,49.22,702.14,0.0,Madrid,north
2021-04-06,25.01,53.05,708.78,0.25,Madrid,north
2021-04-07,23.37,53.32,715.39,1.94,Madrid,north
2021-04-08,24.97,48.58,721.97,0.06,Madrid,north
2021-04-09,24.85,44.45,728.51,0.43,Madrid,north
2021-04-10,25.2,59.65,735.01,1.25,Madrid,north
2021-04-11,27.23,46.52,741.47,1.02,Madrid,north
2021-04-12,22.96,51.3,747.89,0.82,Madrid,north
2021-04-13,23.78,59.39,754.27,0.92,Madrid,north
2021-04-14,21.58,51.82,760.6,0.19,Madrid,north
2021-04-15,25.46,51.04,766.88,0.76,Madrid,north
2021-04-16,21.44,42.57,773.11,1.02,Madrid,north
2021-04-17,28.18,57.54,779.29,1.72,Madrid,north
2021-04-18,21.53,51.53,785.42,0.0,Madrid,north
2021-04-19,28.92,48.61,791.49,0.0,Madrid,north
2021-04-20,29.76,50.22,797.51,0.0,Madrid,north
2021-04-21,26.37,43.0,803.47,0.51,Madrid,north
2021-04-22,24.89,53.19,809.37,0.0,Madrid,north
2021-04-23,26.49,55.05,815.2,0.0,Madrid,north
2021-04-24,26.31,46.66,820.97,0.0,Madrid,north
2021-04-25,27.21,45.8,826.68,0.0,Madrid,north
2021-04-26,29.47,48.93,832.32,0.3,Madrid,north
2021-04-27,24.69,40.72,837.89,1.12,Madrid,north
2021-04-28,25.69,46.61,843.39,0.28,Madrid,north
2021-04-29,27.22,43.4,848.82,0.82,Madrid,north
2021-04-30,25.63,47.8,854.17,0.75,Madrid,north
2021-05-01,25.77,39.03,859.45,0.0,Madrid,north
2021-05-02,24.52,38.08,864.65,0.83,Madrid,north
2021-05-03,25.9,50.54,869.78,1.57,Madrid,north
2021-05-04,26.03,34.63,874.82,0.15,Madrid,north
2021-05-05,25.82,34.61,879.78,0.21,Madrid,north
2021-05-06,26.53,39.44,884.66,0.0,Madrid,north
2021-05-07,24.41,50.36,889.46,0.25,Madrid,north
2021-05-08,24.25,39.25,894.17,0.8,Madrid,north
2021-05-09,24.51,43.21,898.79,0.67,Madrid,north
2021-05-10,27.34,47.5,903.32,0.06,Madrid,north
2021-05-11,28.07,36.24,907.77,0.13,Madrid,north
2021-05-12,28.15,44.01,912.12,0.31,Madrid,north
2021-05-13,23.33,42.41,916.38,0.02,Madrid,north
2021-05-14,23.82,36.07,920.54,0.4,Madrid,north
2021-05-15,21.37,40.83,924.62,0.37,Madrid,north
2021-05-16,24.38,43.92,928.59,0.55,Madrid,north
2021-05-17,24.28,35.1,932.47,0.57,Madrid,north
2021-05-18,22.39,36.51,936.25,0.01,Madrid,north
2021-05-19,25.49,38.95,939.93,0.29,Madrid,north
2021-05-20,27.55,38.77,943.51,0.14,Madrid,north
2021-05-21,22.78,40.97,946.98,0.47,Madrid,north
2021-05-22,28.02,33.36,950.36,0.27,Madrid,north
2021-05-23,24.91,36.39,953.63,0.26,Madrid,north
2021-05-24,21.51,40.7,956.79,0.5,Madrid,north
2021-05-25,27.11,47.57,959.85,0.13,Madrid,north
2021-05-26,24.68,36.12,962.81,0.96,Madrid,north
2021-05-27,21.18,38.26,965.65,0.0,Madrid,north
2021-05-28,19.38,25.48,968.39,0.0,Madrid,north
2021-05-29,26.57,31.01,971.02,0.15,Madrid,north
2021-05-30,21.99,38.17,973.53,0.0,Madrid,north
2021-05-31,26.84,29.92,975.94,0.0,Madrid,north
2021-06-01,24.33,34.79,978.24,0.71,Madrid,north
2021-06-02,24.2,28.41,980.42,0.04,Madrid,north
2021-06-03,22.69,37.86,982.49,0.35,Madrid,north
2021-06-04,23.46,38.37,984.45,0.05,Madrid,north
2021-06-05,23.3,34.72,986.3,0.71,Madrid,north
2021-06-06,23.23,31.87,988.03,0.0,Madrid,north
2021-06-07,24.66,30.49,989.64,0.32,Madrid,north
2021-06-08,19.34,38.45,991.14,0.0,Madrid,north
2021-06-09,21.44,38.34,992.52,0.0,Madrid,north
2021-06-10,22.69,33.24,993.79,0.0,Madrid,north
2021-06-11,25.38,40.19,994.94,0.0,Madrid,north
2021-06-12,19.64,36.57,995.97,0.0,Madrid,north
2021-06-13,21.6,33.01,996.89,0.42,Madrid,north
2021-06-14,21.77,32.68,997.69,0.0,Madrid,north
2021-06-15,24.63,29.57,998.37,0.3,Madrid,north
2021-06-16,20.85,32.43,998.93,0.15,Madrid,north
2021-06-17,21.38,26.68,999.37,0.44,Madrid,north
2021-06-18,24.36,32.83,999.7,0.42,Madrid,north
2021-06-19,23.03,36.12,999.91,0.29,Madrid,north
2021-06-20,21.6,35.67,1000.0,0.22,Madrid,north
2021-06-21,19.04,31.35,999.97,0.0,Madrid,north
2021-06-22,20.79,33.18,999.82,0.57,Madrid,north
2021-06-23,20.92,35.65,999.55,0.2,Madrid,north
2021-06-24,18.38,23.84,999.17,0.0,Madrid,north
2021-06-25,17.5,33.97,998.66,0.14,Madrid,north
2021-06-26,21.17,31.07,998.04,0.52,Madrid,north
2021-06-27,21.95,27.39,997.3,0.12,Madrid,north
2021-06-28,18.57,22.43,996.45,0.41,Madrid,north
2021-06-29,21.81,30.43,995.47,0.05,Madrid,north
2021-06-30,21.41,18.67,994.38,0.26,Madrid,north
2021-07-01,19.3,27.47,993.17,0.64,Madrid,north
2021-07-02,20.75,28.96,991.85,0.18,Madrid,north
2021-07-03,17.82,27.65,990.4,0.0,Madrid,north
2021-07-04,21.14,35.31,988.85,0.47,Madrid,north
2021-07-05,15.98,40.53,987.18,0.86,Madrid,north
2021-07-06,18.33,25.57,985.39,0.0,Madrid,north
2021-07-07,18.57,25.49,983.49,0.21,Madrid,north
2021-07-08,19.69,22.5,981.47,0.89,Madrid,north
2021-07-09,20.42,23.83,979.34,0.0,Madrid,north
2021-07-10,16.5,24.85,977.1,0.14,Madrid,north
2021-07-11,11.68,28.86,974.75,0.85,Madrid,north
2021-07-12,14.38,28.64,972.29,0.0,Madrid,north
2021-07-13,17.66,28.88,969.72,0.92,Madrid,north
2021-07-14,16.57,28.16,967.03,0.44,Madrid,north
2021-07-15,14.91,23.34,964.24,0.35,Madrid,north
2021-07-16,15.34,30.89,961.34,0.39,Madrid,north
2021-07-17,14.44,32.2,958.34,0.9,Madrid,north
2021-07-18,13.01,38.81,955.22,0.16,Madrid,north
2021-07-19,13.46,42.3,952.0,0.32,Madrid,north
2021-07-20,17.49,34.3,948.68,0.0,Madrid,north
2021-07-21,14.76,27.64,945.26,0.0,Madrid,north
2021-07-22,10.74,30.84,941.73,0.51,Madrid,north
2021-07-23,14.82,28.86,938.1,0.0,Madrid,north
2021-07-24,11.83,27.69,934.37,0.0,Madrid,north
2021-07-25,13.16,30.42,930.54,0.0,Madrid,north
2021-07-26,12.86,26.82,926.62,0.29,Madrid,north
2021-07-27,14.1,31.6,922.59,0.5,Madrid,north
2021-07-28,9.54,28.91,918.47,0.42,Madrid,north
2021-07-29,13.88,22.91,914.26,0.38,Madrid,north
2021-07-30,14.77,30.11,909.95,0.26,Madrid,north
2021-07-31,13.02,32.35,905.56,0.63,Madrid,north
2021-08-01,12.02,31.99,901.07,0.0,Madrid,north
2021-08-02,11.3,37.62,896.49,0.22,Madrid,north
2021-08-03,11.06,29.02,891.82,0.72,Madrid,north
2021-08-04,9.45,36.17,887.07,0.0,Madrid,north
2021-08-05,8.8,32.78,882.23,0.41,Madrid,north
2021-08-06,11.27,37.21,877.31,0.13,Madrid,north
2021-08-07,11.32,27.5,872.31,1.02,Madrid,north
2021-08-08,11.46,34.88,867.23,0.46,Madrid,north
2021-08-09,8.39,30.72,862.06,0.64,Madrid,north
2021-08-10,9.68,33.14,856.82,0.0,Madrid,north
2021-08-11,9.85,29.23,851.51,0.0,Madrid,north
2021-08-12,8.94,23.59,846.11,0.79,Madrid,north
2021-08-13,10.71,32.78,840.65,0.0,Madrid,north
2021-08-14,6.88,32.48,835.11,0.0,Madrid,north
2021-08-15,8.9,36.75,829.51,0.22,Madrid,north
2021-08-16,7.32,34.53,823.84,0.63,Madrid,north
2021-08-17,10.27,33.91,818.1,0.0,Madrid,north
2021-08-18,6.92,34.93,812.29,1.42,Madrid,north
2021-08-19,6.98,28.97,806.42,0.0,Madrid,north
2021-08-20,3.2,36.1,800.5,0.0,Madrid,north
2021-08-21,4.69,24.79,794.51,0.0,Madrid,north
2021-08-22,8.07,28.33,788.46,0.0,Madrid,north
2021-08-23,7.07,33.41,782.36,0.76,Madrid,north
2021-08-24,7.97,35.31,776.21,0.0,Madrid,north
2021-08-25,6.02,38.09,770.0,0.06,Madrid,north
2021-08-26,3.18,41.34,763.74,0.18,Madrid,north
2021-08-27,5.01,36.15,757.44,1.25,Madrid,north
2021-08-28,6.14,34.66,751.08,1.01,Madrid,north
2021-08-29,9.7,43.51,744.69,1.02,Madrid,north
2021-08-30,2.95,55.59,738.24,0.0,Madrid,north
2021-08-31,4.24,33.59,731.76,1.8,Madrid,north
2021-09-01,5.62,30.22,725.24,0.74,Madrid,north
2021-09-02,5.66,36.03,718.69,0.0,Madrid,north
2021-09-03,2.92,35.71,712.09,0.56,Madrid,north
2021-09-04,3.13,41.85,705.47,0.0,Madrid,north
2021-09-05,0.5,34.76,698.81,1.7,Madrid,north
2021-09-06,2.62,50.44,692.12,0.99,Madrid,north
2021-09-07,1.25,34.85,685.41,0.79,Madrid,north
2021-09-08,1.03,51.19,678.67,0.0,Madrid,north
2021-09-09,4.56,46.91,671.91,0.5,Madrid,north
2021-09-10,1.02,38.54,665.12,0.93,Madrid,north
2021-09-11,4.58,40.48,658.32,0.0,Madrid,north
2021-09-12,2.73,37.13,651.5,0.0,Madrid,north
2021-09-13,1.07,33.64,644.66,1.18,Madrid,north
2021-09-14,6.18,50.41,637.81,0.09,Madrid,north
2021-09-15,1.19,44.87,630.95,1.67,Madrid,north
2021-09-16,1.12,41.02,624.09,2.81,Madrid,north
2021-09-17,1.57,39.62,617.21,0.78,Madrid,north
2021-09-18,2.78,37.26,610.33,0.42,Madrid,north
2021-09-19,-0.87,41.29,603.44,2.58,Madrid,north
2021-09-20,2.79,42.54,596.56,0.0,Madrid,north
2021-09-21,0.53,48.58,589.67,0.11,Madrid,north
2021-09-22,3.9,36.79,582.79,0.4,Madrid,north
2021-09-23,4.34,33.94,575.91,1.97,Madrid,north
2021-09-24,-2.99,43.86,569.05,0.53,Madrid,north
2021-09-25,2.22,28.87,562.19,0.0,Madrid,north
2021-09-26,-0.7,45.16,555.34,0.0,Madrid,north
2021-09-27,-0.14,39.38,548.5,0.3,Madrid,north
2021-09-28,-1.53,46.87,541.68,1.4,Madrid,north
2021-09-29,2.91,42.7,534.88,0.4,Madrid,north
2021-09-30,0.01,44.85,528.09,0.71,Madrid,north
2021-10-01,-3.33,48.52,521.33,0.0,Madrid,north
2021-10-02,-2.23,39.06,514.59,2.15,Madrid,north
2021-10-03,-0.71,53.09,507.88,1.11,Madrid,north
2021-10-04,-3.95,42.26,501.19,1.71,Madrid,north
2021-10-05,-2.18,42.57,494.53,0.59,Madrid,north
2021-10-06,-1.1,43.31,487.91,0.42,Madrid,north
2021-10-07,-1.8,35.76,481.31,1.44,Madrid,north
2021-10-08,-2.56,55.58,474.76,0.0,Madrid,north
2021-10-09,-4.19,55.34,468.24,0.0,Madrid,north
2021-10-10,-2.39,52.73,461.76,0.43,Madrid,north
2021-10-11,-4.51,51.03,455.31,0.6,Madrid,north
2021-10-12,1.29,53.37,448.92,4.78,Madrid,north
2021-10-13,-4.64,50.67,442.56,0.0,Madrid,north
2021-10-14,0.89,55.23,436.26,1.87,Madrid,north
2021-10-15,-3.04,47.74,430.0,0.0,Madrid,north
2021-10-16,1.87,54.35,423.79,0.54,Madrid,north
2021-10-17,0.26,55.9,417.64,2.21,Madrid,north
2021-10-18,-4.91,48.92,411.54,1.17,Madrid,north
2021-10-19,-1.0,57.62,405.49,0.0,Madrid,north
2021-10-20,-1.51,64.2,399.5,1.88,Madrid,north
2021-10-21,-0.06,53.41,393.58,2.0,Madrid,north
2021-10-22,1.77,54.38,387.71,2.65,Madrid,north
2021-10-23,-3.63,57.14,381.9,2.22,Madrid,north
2021-10-24,-3.41,60.01,376.16,0.0,Madrid,north
2021-10-25,-3.54,54.85,370.49,3.72,Madrid,north
2021-10-26,-1.33,59.87,364.89,0.0,Madrid,north
2021-10-27,-1.82,49.64,359.35,0.14,Madrid,north
2021-10-28,-0.31,55.66,353.89,3.1,Madrid,north
2021-10-29,-2.4,55.19,348.49,2.86,Madrid,north
2021-10-30,-3.3,48.91,343.18,2.92,Madrid,north
2021-10-31,-1.17,46.01,337.94,1.06,Madrid,north
2021-11-01,-2.8,65.88,332.77,0.0,Madrid,north
2021-11-02,-3.15,52.92,327.69,0.0,Madrid,north
2021-11-03,-3.38,50.61,322.69,0.0,Madrid,north
2021-11-04,-5.18,50.62,317.77,0.0,Madrid,north
2021-11-05,-2.99,55.0,312.93,0.0,Madrid,north
2021-11-06,-0.96,58.49,308.18,0.36,Madrid,north
2021-11-07,-2.82,67.01,303.51,1.41,Madrid,north
2021-11-08,-0.91,46.42,298.93,0.02,Madrid,north
2021-11-09,-6.16,57.52,294.44,1.63,Madrid,north
2021-11-10,-3.13,62.54,290.05,0.0,Madrid,north
2021-11-11,-0.59,52.48,285.74,0.64,Madrid,north
2021-11-12,-0.85,63.22,281.53,0.86,Madrid,north
2021-11-13,2.24,58.76,277.41,0.35,Madrid,north
2021-11-14,-7.1,69.97,273.38,0.48,Madrid,north
2021-11-15,-3.87,68.01,269.46,3.07,Madrid,north
2021-11-16,-1.24,54.51,265.63,1.76,Madrid,north
2021-11-17,-2.63,56.11,261.9,2.78,Madrid,north
2021-11-18,-5.58,65.07,258.27,1.84,Madrid,north
2021-11-19,2.86,64.13,254.74,0.0,Madrid,north
2021-11-20,-2.83,63.1,251.32,1.68,Madrid,north
2021-11-21,0.89,53.24,248.0,0.56,Madrid,north
2021-11-22,0.95,71.02,244.78,4.19,Madrid,north
2021-11-23,-1.67,69.04,241.66,3.96,Madrid,north
2021-11-24,1.6,67.42,238.66,2.5,Madrid,north
2021-11-25,-2.28,56.81,235.76,2.76,Madrid,north
2021-11-26,-1.29,64.15,232.97,0.15,Madrid,north
2021-11-27,-1.27,65.7,230.28,0.0,Madrid,north
2021-11-28,-0.24,66.0,227.71,1.0,Madrid,north
2021-11-29,-1.75,68.93,225.25,4.3,Madrid,north
2021-11-30,-1.35,71.39,222.9,2.64,Madrid,north
2021-12-01,-5.33,61.64,220.66,0.05,Madrid,north
2021-12-02,1.67,66.6,218.53,1.95,Madrid,north
2021-12-03,1.5,61.38,216.51,0.0,Madrid,north
2021-12-04,-2.08,65.23,214.61,0.94,Madrid,north
2021-12-05,0.84,62.64,212.82,2.7,Madrid,north
2021-12-06,2.47,74.21,211.15,2.37,Madrid,north
2021-12-07,1.15,70.03,209.6,2.2,Madrid,north
2021-12-08,-0.38,73.31,208.15,4.12,Madrid,north
2021-12-09,5.03,67.22,206.83,1.71,Madrid,north
2021-12-10,2.06,67.21,205.62,2.22,Madrid,north
2021-12-11,1.14,66.42,204.53,4.2,Madrid,north
2021-12-12,1.87,67.89,203.55,2.68,Madrid,north
2021-12-13,2.0,69.18,202.7,1.05,Madrid,north
2021-12-14,-0.57,67.72,201.96,0.0,Madrid,north
2021-12-15,2.46,62.12,201.34,2.75,Madrid,north
2021-12-16,3.71,69.58,200.83,0.98,Madrid,north
2021-12-17,3.21,58.49,200.45,0.0,Madrid,north
2021-12-18,2.26,70.18,200.18,1.02,Madrid,north
2021-12-19,0.73,69.25,200.03,0.37,Madrid,north
2021-12-20,0.78,70.35,200.0,0.79,Madrid,north
2021-12-21,5.5,72.15,200.09,2.44,Madrid,north
2021-12-22,3.93,64.71,200.3,0.0,Madrid,north
2021-12-23,0.54,83.44,200.63,0.0,Madrid,north
2021-12-24,3.25,67.35,201.07,0.67,Madrid,north
2021-12-25,2.7,59.9,201.63,0.0,Madrid,north
2021-12-26,1.28,68.7,202.31,0.0,Madrid,north
2021-12-27,2.89,70.5,203.11,0.15,Madrid,north
2021-12-28,6.33,67.57,204.03,1.55,Madrid,north
2021-12-29,2.02,72.86,205.06,0.45,Madrid,north
2021-12-30,5.7,71.29,206.21,0.85,Madrid,north
2021-12-31,5.52,67.78,207.48,3.48,Madrid,north
2022-01-01,7.17,72.17,208.86,0.0,Madrid,north
2022-01-02,3.31,66.49,210.36,0.73,Madrid,north
2022-01-03,6.62,65.37,211.97,3.17,Madrid,north
2022-01-04,5.95,59.83,213.7,0.33,Madrid,north
2022-01-05,0.99,66.17,215.55,0.2,Madrid,north
2022-01-06,5.16,68.33,217.51,0.47,Madrid,north
2022-01-07,5.41,77.49,219.58,3.21,Madrid,north
2022-01-08,4.54,76.26,221.76,0.0,Madrid,north
2022-01-09,5.42,77.62,224.06,0.0,Madrid,north
2022-01-10,8.42,63.73,226.47,0.88,Madrid,north
2022-01-11,7.14,78.48,228.98,0.0,Madrid,north
2022-01-12,7.59,73.12,231.61,0.7,Madrid,north
2022-01-13,6.32,69.68,234.35,1.28,Madrid,north
2022-01-14,9.96,65.24,237.19,0.36,Madrid,north
2022-01-15,9.07,69.09,240.15,0.8,Madrid,north
2022-01-16,8.62,66.41,243.21,0.0,Madrid,north
2022-01-17,9.77,64.38,246.37,3.03,Madrid,north
2022-01-18,9.56,63.43,249.64,1.57,Madrid,north
2022-01-19,9.7,73.57,253.02,3.0,Madrid,north
2022-01-20,8.87,66.17,256.49,0.1,Madrid,north
2022-01-21,7.88,65.91,260.07,1.55,Madrid,north
2022-01-22,10.11,67.12,263.75,0.0,Madrid,north
2022-01-23,11.01,66.99,267.53,0.0,Madrid,north
2022-01-24,10.25,68.1,271.41,0.0,Madrid,north
2022-01-25,12.45,73.57,275.38,1.14,Madrid,north
2022-01-26,11.3,71.88,279.46,1.02,Madrid,north
2022-01-27,13.06,77.43,283.62,1.19,Madrid,north
2022-01-28,12.4,73.41,287.88,0.52,Madrid,north
2022-01-29,9.5,73.47,292.23,0.0,Madrid,north
2022-01-30,15.58,73.18,296.68,1.34,Madrid,north
2022-01-31,12.34,77.46,301.21,0.0,Madrid,north
2022-02-01,10.16,65.59,305.83,0.63,Madrid,north
2022-02-02,10.71,69.22,310.54,1.24,Madrid,north
2022-02-03,11.34,76.33,315.34,0.0,Madrid,north
2022-02-04,10.65,70.06,320.22,0.7,Madrid,north
2022-02-05,14.28,64.94,325.18,0.0,Madrid,north
2022-02-06,12.39,64.46,330.22,1.79,Madrid,north
2022-02-07,12.96,71.53,335.35,1.88,Madrid,north
2022-02-08,16.24,72.06,340.55,2.16,Madrid,north
2022-02-09,15.94,64.81,345.83,0.6,Madrid,north
2022-02-10,10.97,68.68,351.18,0.0,Madrid,north
2022-02-11,15.67,69.68,356.61,0.0,Madrid,north
2022-02-12,13.08,65.11,362.11,0.22,Madrid,north
2022-02-13,15.68,60.89,367.68,1.03,Madrid,north
2022-02-14,12.2,55.7,373.32,1.98,Madrid,north
2022-02-15,13.2,63.48,379.03,0.0,Madrid,north
2022-02-16,13.22,64.08,384.8,0.36,Madrid,north
2022-02-17,18.23,68.12,390.63,0.57,Madrid,north
2022-02-18,18.01,71.24,396.53,1.49,Madrid,north
2022-02-19,15.91,70.54,402.49,3.35,Madrid,north
2022-02-20,18.27,74.08,408.51,2.17,Madrid,north
2022-02-21,18.87,59.55,414.58,0.0,Madrid,north
2022-02-22,17.3,56.42,420.71,0.1,Madrid,north
2022-02-23,19.36,61.21,426.89,1.6,Madrid,north
2022-02-24,15.14,61.83,433.12,2.23,Madrid,north
2022-02-25,18.48,65.5,439.4,3.1,Madrid,north
2022-02-26,20.87,59.42,445.73,2.58,Madrid,north
2022-02-27,17.26,63.46,452.11,0.88,Madrid,north
2022-02-28,20.85,57.65,458.53,1.43,Madrid,north
2022-03-01,19.96,67.1,464.99,0.58,Madrid,north
2022-03-02,21.13,59.22,471.49,2.27,Madrid,north
2022-03-03,20.03,55.51,478.03,1.33,Madrid,north
2022-03-04,19.89,60.46,484.61,0.0,Madrid,north
2022-03-05,19.25,54.75,491.22,2.87,Madrid,north
2022-03-06,17.68,58.38,497.86,2.18,Madrid,north
2022-03-07,21.3,65.01,504.53,2.6,Madrid,north
2022-03-08,19.7,55.89,511.23,1.78,Madrid,north
2022-03-09,22.11,59.2,517.96,0.0,Madrid,north
2022-03-10,23.19,63.42,524.71,0.0,Madrid,north
2022-03-11,22.46,53.04,531.48,0.21,Madrid,north
2022-03-12,18.83,56.76,538.28,0.0,Madrid,north
2022-03-13,20.04,63.27,545.09,1.08,Madrid,north
2022-03-14,22.7,64.81,551.92,0.33,Madrid,north
2022-03-15,21.78,61.73,558.76,2.6,Madrid,north
2022-03-16,23.59,65.64,565.61,1.82,Madrid,north
2022-03-17,24.08,49.5,572.48,1.66,Madrid,north
2022-03-18,22.56,58.38,579.35,0.15,Madrid,north
2022-03-19,21.45,59.87,586.23,1.57,Madrid,north
2022-03-20,19.46,58.56,593.11,0.11,Madrid,north
2022-03-21,20.71,59.12,600.0,0.34,Madrid,north
2022-03-22,21.45,52.99,606.89,0.96,Madrid,north
2022-03-23,22.9,51.05,613.77,0.0,Madrid,north
2022-03-24,22.71,58.21,620.65,0.0,Madrid,north
2022-03-25,24.2,51.73,627.52,3.29,Madrid,north
2022-03-26,21.48,51.57,634.39,0.82,Madrid,north
2022-03-27,21.7,59.33,641.24,2.33,Madrid,north
2022-03-28,22.86,55.72,648.08,0.14,Madrid,north
2022-03-29,23.77,61.68,654.91,1.44,Madrid,north
2022-03-30,22.09,61.92,661.72,1.66,Madrid,north
2022-03-31,25.0,50.55,668.52,0.66,Madrid,north
2022-04-01,22.55,55.85,675.29,0.31,Madrid,north
2022-04-02,19.79,57.8,682.04,0.75,Madrid,north
2022-04-03,26.53,52.15,688.77,0.74,Madrid,north
2022-04-04,26.72,54.43,695.47,0.81,Madrid,north
2022-04-05,31.02,51.3,702.14,0.7,Madrid,north
2022-04-06,28.17,47.78,708.78,0.0,Madrid,north
2022-04-07,21.93,54.13,715.39,1.05,Madrid,north
2022-04-08,26.38,44.35,721.97,1.34,Madrid,north
2022-04-09,27.38,50.29,728.51,0.55,Madrid,north
2022-04-10,26.42,52.27,735.01,1.02,Madrid,north
2022-04-11,22.99,49.21,741.47,0.0,Madrid,north
2022-04-12,26.5,52.39,747.89,0.43,Madrid,north
2022-04-13,25.91,41.62,754.27,1.13,Madrid,north
2022-04-14,24.45,49.7,760.6,1.3,Madrid,north
2022-04-15,23.94,54.7,766.88,0.57,Madrid,north
2022-04-16,25.58,51.15,773.11,0.0,Madrid,north
2022-04-17,26.77,48.33,779.29,1.19,Madrid,north
2022-04-18,25.2,45.86,785.42,0.71,Madrid,north
2022-04-19,25.57,41.47,791.49,0.32,Madrid,north
2022-04-20,28.27,46.53,797.51,0.0,Madrid,north
2022-04-21,27.21,37.39,803.47,0.0,Madrid,north
2022-04-22,25.81,47.22,809.37,0.57,Madrid,north
2022-04-23,24.07,45.23,815.2,0.0,Madrid,north
2022-04-24,26.33,37.57,820.97,0.32,Madrid,north
2022-04-25,26.44,36.53,826.68,0.09,Madrid,north
2022-04-26,27.52,52.72,832.32,0.0,Madrid,north
2022-04-27,26.64,38.46,837.89,0.0,Madrid,north
2022-04-28,29.17,47.65,843.39,0.0,Madrid,north
2022-04-29,26.43,47.19,848.82,0.49,Madrid,north
2022-04-30,30.49,46.69,854.17,0.0,Madrid,north
2022-05-01,25.42,39.65,859.45,0.26,Madrid,north
2022-05-02,26.03,39.75,864.65,0.0,Madrid,north
2022-05-03,28.72,45.67,869.78,0.0,Madrid,north
2022-05-04,27.34,45.74,874.82,1.02,Madrid,north
2022-05-05,23.86,45.95,879.78,0.03,Madrid,north
2022-05-06,28.26,40.77,884.66,0.0,Madrid,north
2022-05-07,26.0,32.5,889.46,0.22,Madrid,north
2022-05-08,25.79,39.11,894.17,0.0,Madrid,north
2022-05-09,23.64,36.58,898.79,0.2,Madrid,north
2022-05-10,28.42,44.05,903.32,0.09,Madrid,north
2022-05-11,28.35,33.36,907.77,0.63,Madrid,north
2022-05-12,25.41,41.08,912.12,0.6,Madrid,north
2022-05-13,24.36,43.61,916.38,0.3,Madrid,north
2022-05-14,30.49,37.79,920.54,0.86,Madrid,north
2022-05-15,26.9,33.15,924.62,0.88,Madrid,north
2022-05-16,23.43,27.58,928.59,0.65,Madrid,north
2022-05-17,27.63,38.71,932.47,0.17,Madrid,north
2022-05-18,28.59,41.73,936.25,0.0,Madrid,north
2022-05-19,26.81,31.68,939.93,0.04,Madrid,north
2022-05-20,23.17,26.63,943.51,0.0,Madrid,north
2022-05-21,27.64,31.87,946.98,0.05,Madrid,north
2022-05-22,22.79,41.42,950.36,0.26,Madrid,north
2022-05-23,26.01,36.3,953.63,0.0,Madrid,north
2022-05-24,22.99,40.76,956.79,0.23,Madrid,north
2022-05-25,26.39,20.51,959.85,0.66,Madrid,north
2022-05-26,23.76,46.94,962.81,0.06,Madrid,north
2022-05-27,24.7,39.13,965.65,0.0,Madrid,north
2022-05-28,26.29,32.36,968.39,0.7,Madrid,north
2022-05-29,26.02,37.83,971.02,0.0,Madrid,north
2022-05-30,23.9,36.62,973.53,0.0,Madrid,north
2022-05-31,23.1,39.58,975.94,0.0,Madrid,north
2022-06-01,26.64,31.53,978.24,0.34,Madrid,north
2022-06-02,21.67,36.87,980.42,0.38,Madrid,north
2022-06-03,26.11,41.0,982.49,0.64,Madrid,north
2022-06-04,24.12,27.89,984.45,0.65,Madrid,north
2022-06-05,20.96,31.63,986.3,0.46,Madrid,north
2022-06-06,24.32,41.59,988.03,0.21,Madrid,north
2022-06-07,19.91,32.05,989.64,0.27,Madrid,north
2022-06-08,22.45,40.3,991.14,0.13,Madrid,north
2022-06-09,20.13,35.38,992.52,0.0,Madrid,north
2022-06-10,26.25,34.22,993.79,0.0,Madrid,north
2022-06-11,24.85,44.54,994.94,0.0,Madrid,north
2022-06-12,24.34,34.94,995.97,0.26,Madrid,north
2022-06-13,23.06,34.82,996.89,0.0,Madrid,north
2022-06-14,25.04,25.45,997.69,0.8,Madrid,north
2022-06-15,25.1,26.11,998.37,0.2,Madrid,north
2022-06-16,24.72,29.44,998.93,0.15,Madrid,north
2022-06-17,20.9,37.59,999.37,0.02,Madrid,north
2022-06-18,21.51,34.32,999.7,0.14,Madrid,north
2022-06-19,19.62,24.77,999.91,0.0,Madrid,north
2022-06-20,18.81,22.75,1000.0,0.0,Madrid,north
2022-06-21,21.59,31.5,999.97,0.0,Madrid,north
2022-06-22,18.77,26.15,999.82,0.0,Madrid,north
2022-06-23,18.14,34.58,999.55,0.0,Madrid,north
2022-06-24,20.46,27.81,999.17,0.93,Madrid,north
2022-06-25,16.64,31.77,998.66,0.1,Madrid,north
2022-06-26,18.49,32.28,998.04,0.25,Madrid,north
2022-06-27,17.7,32.75,997.3,0.32,Madrid,north
2022-06-28,22.25,27.49,996.45,0.65,Madrid,north
2022-06-29,19.04,20.58,995.47,0.37,Madrid,north
2022-06-30,19.06,25.98,994.38,0.5,Madrid,north
2022-07-01,18.07,35.41,993.17,0.18,Madrid,north
2022-07-02,20.31,33.66,991.85,0.36,Madrid,north
2022-07-03,16.53,34.81,990.4,0.22,Madrid,north
2022-07-04,22.39,32.56,988.85,0.45,Madrid,north
2022-07-05,16.64,28.09,987.18,0.25,Madrid,north
2022-07-06,15.61,24.24,985.39,0.18,Madrid,north
2022-07-07,17.58,31.07,983.49,0.59,Madrid,north
2022-07-08,16.71,33.44,981.47,0.17,Madrid,north
2022-07-09,16.9,31.3,979.34,0.0,Madrid,north
2022-07-10,17.2,26.82,977.1,0.0,Madrid,north
2022-07-11,13.06,27.79,974.75,0.0,Madrid,north
2022-07-12,18.35,28.8,972.29,0.0,Madrid,north
2022-07-13,15.04,33.78,969.72,0.03,Madrid,north
2022-07-14,15.59,28.17,967.03,0.19,Madrid,north
2022-07-15,12.52,29.81,964.24,0.04,Madrid,north
2022-07-16,21.6,28.99,961.34,0.08,Madrid,north
2022-07-17,17.44,29.31,958.34,0.34,Madrid,north
2022-07-18,13.48,37.9,955.22,0.01,Madrid,north
2022-07-19,15.74,35.83,952.0,0.14,Madrid,north
2022-07-20,14.75,33.15,948.68,0.53,Madrid,north
2022-07-21,12.34,31.17,945.26,0.0,Madrid,north
2022-07-22,12.79,27.08,941.73,0.76,Madrid,north
2022-07-23,17.23,43.42,938.1,0.25,Madrid,north
2022-07-24,12.12,25.61,934.37,0.95,Madrid,north
2022-07-25,10.49,28.95,930.54,0.04,Madrid,north
2022-07-26,16.82,25.55,926.62,0.76,Madrid,north
2022-07-27,15.71,29.87,922.59,0.5,Madrid,north
2022-07-28,9.77,30.36,918.47,0.2,Madrid,north
2022-07-29,7.44,32.98,914.26,0.46,Madrid,north
2022-07-30,8.97,23.94,909.95,0.0,Madrid,north
2022-07-31,11.06,29.58,905.56,0.0,Madrid,north
2022-08-01,9.86,32.77,901.07,0.09,Madrid,north
2022-08-02,11.42,30.21,896.49,0.55,Madrid,north
2022-08-03,11.09,35.79,891.82,0.38,Madrid,north
2022-08-04,12.94,37.85,887.07,0.0,Madrid,north
2022-08-05,12.76,40.67,882.23,0.0,Madrid,north
2022-08-06,10.61,30.11,877.31,0.58,Madrid,north
2022-08-07,11.48,28.7,872.31,1.05,Madrid,north
2022-08-08,8.48,31.51,867.23,0.91,Madrid,north
2022-08-09,13.87,29.8,862.06,0.79,Madrid,north
2022-08-10,10.16,24.61,856.82,0.0,Madrid,north
2022-08-11,7.07,30.18,851.51,0.14,Madrid,north
2022-08-12,9.3,39.26,846.11,0.63,Madrid,north
2022-08-13,14.32,31.83,840.65,0.85,Madrid,north
2022-08-14,9.6,40.77,835.11,0.17,Madrid,north
2022-08-15,10.23,41.57,829.51,0.0,Madrid,north
2022-08-16,8.16,36.14,823.84,0.14,Madrid,north
2022-08-17,6.33,42.98,818.1,0.27,Madrid,north
2022-08-18,11.31,31.48,812.29,0.29,Madrid,north
2022-08-19,9.21,33.2,806.42,0.0,Madrid,north
2022-08-20,5.95,35.81,800.5,0.0,Madrid,north
2022-08-21,7.34,23.38,794.51,0.07,Madrid,north
2022-08-22,6.58,32.33,788.46,0.0,Madrid,north
2022-08-23,4.95,35.47,782.36,1.49,Madrid,north
2022-08-24,3.69,33.97,776.21,1.16,Madrid,north
2022-08-25,6.94,35.12,770.0,0.15,Madrid,north
2022-08-26,6.08,35.32,763.74,0.0,Madrid,north
2022-08-27,4.4,26.32,757.44,1.44,Madrid,north
2022-08-28,7.26,32.38,751.08,1.1,Madrid,north
2022-08-29,10.3,33.46,744.69,1.49,Madrid,north
2022-08-30,5.92,35.65,738.24,0.0,Madrid,north
2022-08-31,3.87,35.12,731.76,0.0,Madrid,north
2022-09-01,5.84,35.75,725.24,0.89,Madrid,north
2022-09-02,3.73,52.62,718.69,0.0,Madrid,north
2022-09-03,2.5,41.42,712.09,2.48,Madrid,north
2022-09-04,2.18,47.32,705.47,0.0,Madrid,north
2022-09-05,6.55,38.83,698.81,2.44,Madrid,north
2022-09-06,7.33,35.5,692.12,3.08,Madrid,north
2022-09-07,1.33,37.46,685.41,2.14,Madrid,north
2022-09-08,1.92,36.11,678.67,0.7,Madrid,north
2022-09-09,4.1,41.54,671.91,0.0,Madrid,north
2022-09-10,3.41,43.09,665.12,1.96,Madrid,north
2022-09-11,3.48,33.93,658.32,0.64,Madrid,north
2022-09-12,1.41,47.1,651.5,0.0,Madrid,north
2022-09-13,3.59,35.48,644.66,1.82,Madrid,north
2022-09-14,3.84,42.21,637.81,1.12,Madrid,north
2022-09-15,1.45,44.8,630.95,0.6,Madrid,north
2022-09-16,3.41,42.03,624.09,0.0,Madrid,north
2022-09-17,0.76,49.64,617.21,2.1,Madrid,north
2022-09-18,1.83,41.74,610.33,0.33,Madrid,north
2022-09-19,2.72,45.58,603.44,0.0,Madrid,north
2022-09-20,2.63,49.17,596.56,0.0,Madrid,north
2022-09-21,0.78,45.65,589.67,1.44,Madrid,north
2022-09-22,0.16,41.01,582.79,0.21,Madrid,north
2022-09-23,1.62,46.13,575.91,0.69,Madrid,north
2022-09-24,-2.02,38.86,569.05,1.4,Madrid,north
2022-09-25,-1.87,45.78,562.19,0.33,Madrid,north
2022-09-26,-0.77,45.11,555.34,2.58,Madrid,north
2022-09-27,0.87,43.83,548.5,0.0,Madrid,north
2022-09-28,1.19,51.33,541.68,1.43,Madrid,north
2022-09-29,2.37,48.37,534.88,0.0,Madrid,north
2022-09-30,-0.17,48.94,528.09,1.6,Madrid,north
2022-10-01,-1.19,46.34,521.33,1.2,Madrid,north
2022-10-02,2.22,52.03,514.59,1.54,Madrid,north
2022-10-03,0.36,42.21,507.88,0.0,Madrid,north
2022-10-04,-0.73,52.89,501.19,1.27,Madrid,north
2022-10-05,0.48,40.52,494.53,0.0,Madrid,north
2022-10-06,1.49,48.19,487.91,0.0,Madrid,north
2022-10-07,0.92,50.0,481.31,4.46,Madrid,north
2022-10-08,1.56,50.79,474.76,0.64,Madrid,north
2022-10-09,-0.57,48.88,468.24,0.0,Madrid,north
2022-10-10,0.74,51.12,461.76,0.0,Madrid,north
2022-10-11,-2.47,45.94,455.31,2.11,Madrid,north
2022-10-12,-1.37,57.87,448.92,0.0,Madrid,north
2022-10-13,-3.5,56.11,442.56,0.01,Madrid,north
2022-10-14,-3.54,48.48,436.26,0.0,Madrid,north
2022-10-15,-0.41,57.05,430.0,0.0,Madrid,north
2022-10-16,-2.13,51.88,423.79,1.0,Madrid,north
2022-10-17,0.06,52.75,417.64,0.12,Madrid,north
2022-10-18,-3.89,43.37,411.54,0.4,Madrid,north
2022-10-19,-1.69,57.44,405.49,0.4,Madrid,north
2022-10-20,2.89,52.79,399.5,0.25,Madrid,north
2022-10-21,-1.04,48.66,393.58,1.22,Madrid,north
2022-10-22,-5.97,57.23,387.71,1.03,Madrid,north
2022-10-23,-1.45,54.96,381.9,0.0,Madrid,north
2022-10-24,-3.7,62.35,376.16,1.65,Madrid,north
2022-10-25,-3.13,56.96,370.49,1.54,Madrid,north
2022-10-26,1.96,60.74,364.89,1.56,Madrid,north
2022-10-27,-2.87,64.44,359.35,0.82,Madrid,north
2022-10-28,-3.73,49.75,353.89,0.0,Madrid,north
2022-10-29,-2.72,60.01,348.49,2.33,Madrid,north
2022-10-30,0.3,57.27,343.18,2.22,Madrid,north
2022-10-31,2.52,61.38,337.94,3.39,Madrid,north
2022-11-01,-5.02,53.44,332.77,0.0,Madrid,north
2022-11-02,-7.34,57.84,327.69,3.11,Madrid,north
2022-11-03,-3.05,58.77,322.69,0.0,Madrid,north
2022-11-04,-2.95,59.54,317.77,0.0,Madrid,north
2022-11-05,0.41,48.83,312.93,1.52,Madrid,north
2022-11-06,-2.9,66.18,308.18,2.21,Madrid,north
2022-11-07,-6.06,46.93,303.51,0.0,Madrid,north
2022-11-08,-2.86,58.4,298.93,1.09,Madrid,north
2022-11-09,-0.48,52.82,294.44,0.0,Madrid,north
2022-11-10,-1.28,58.15,290.05,0.89,Madrid,north
2022-11-11,-3.02,59.38,285.74,3.41,Madrid,north
2022-11-12,-4.94,54.41,281.53,2.08,Madrid,north
2022-11-13,1.5,59.8,277.41,0.0,Madrid,north
2022-11-14,-5.58,62.42,273.38,0.0,Madrid,north
2022-11-15,2.83,73.11,269.46,1.44,Madrid,north
2022-11-16,-0.48,61.1,265.63,2.93,Madrid,north
2022-11-17,-1.39,62.28,261.9,3.3,Madrid,north
2022-11-18,-0.06,72.89,258.27,0.0,Madrid,north
2022-11-19,-2.35,57.99,254.74,2.48,Madrid,north
2022-11-20,-2.15,65.79,251.32,0.0,Madrid,north
2022-11-21,-1.26,74.52,248.0,3.81,Madrid,north
2022-11-22,-4.74,65.12,244.78,2.48,Madrid,north
2022-11-23,-1.88,58.04,241.66,2.21,Madrid,north
2022-11-24,-0.6,66.57,238.66,0.85,Madrid,north
2022-11-25,3.96,59.48,235.76,0.29,Madrid,north
2022-11-26,0.43,67.95,232.97,0.0,Madrid,north
2022-11-27,2.11,57.24,230.28,1.13,Madrid,north
2022-11-28,-0.99,61.23,227.71,3.04,Madrid,north
2022-11-29,-4.96,61.34,225.25,0.0,Madrid,north
2022-11-30,1.61,72.97,222.9,2.45,Madrid,north
2022-12-01,2.77,54.32,220.66,1.41,Madrid,north
2022-12-02,-2.66,63.78,218.53,1.56,Madrid,north
2022-12-03,0.42,72.75,216.51,0.0,Madrid,north
2022-12-04,-1.31,58.68,214.61,0.0,Madrid,north
2022-12-05,2.51,67.19,212.82,3.82,Madrid,north
2022-12-06,3.01,66.82,211.15,0.0,Madrid,north
2022-12-07,2.76,63.21,209.6,0.0,Madrid,north
2022-12-08,-1.37,67.47,208.15,3.33,Madrid,north
2022-12-09,1.18,73.16,206.83,1.31,Madrid,north
2022-12-10,0.38,80.83,205.62,4.3,Madrid,north
2022-12-11,1.78,63.23,204.53,0.0,Madrid,north
2022-12-12,2.35,66.28,203.55,1.97,Madrid,north
2022-12-13,2.35,69.9,202.7,3.14,Madrid,north
2022-12-14,2.5,64.26,201.96,0.0,Madrid,north
2022-12-15,3.2,62.67,201.34,2.41,Madrid,north
2022-12-16,3.64,67.96,200.83,0.0,Madrid,north
2022-12-17,-1.17,62.7,200.45,0.0,Madrid,north
2022-12-18,2.61,66.24,200.18,0.0,Madrid,north
2022-12-19,4.48,69.23,200.03,1.24,Madrid,north
2022-12-20,4.04,73.89,200.0,0.0,Madrid,north
2022-12-21,4.52,59.78,200.09,0.0,Madrid,north
2022-12-22,5.32,72.4,200.3,2.32,Madrid,north
2022-12-23,3.85,76.11,200.63,0.0,Madrid,north
2022-12-24,3.06,69.39,201.07,4.7,Madrid,north
2022-12-25,5.92,74.44,201.63,0.0,Madrid,north
2022-12-26,8.57,71.7,202.31,0.0,Madrid,north
2022-12-27,8.96,62.29,203.11,0.0,Madrid,north
2022-12-28,4.0,64.6,204.03,2.07,Madrid,north
2022-12-29,5.23,70.14,205.06,4.43,Madrid,north
2022-12-30,1.61,76.47,206.21,0.0,Madrid,north
2022-12-31,8.01,79.23,207.48,5.12,Madrid,north
2023-01-01,4.92,63.94,208.86,1.71,Madrid,north
2023-01-02,5.4,61.0,210.36,2.41,Madrid,north
2023-01-03,3.88,77.07,211.97,2.8,Madrid,north
2023-01-04,5.38,70.07,213.7,0.73,Madrid,north
2023-01-05,5.24,85.42,215.55,0.0,Madrid,north
2023-01-06,6.49,74.91,217.51,0.48,Madrid,north
2023-01-07,5.34,63.33,219.58,3.17,Madrid,north
2023-01-08,8.25,72.34,221.76,0.0,Madrid,north
2023-01-09,8.06,71.42,224.06,0.56,Madrid,north
2023-01-10,4.52,69.72,226.47,0.0,Madrid,north
2023-01-11,7.66,70.31,228.98,0.55,Madrid,north
2023-01-12,9.5,69.66,231.61,2.01,Madrid,north
2023-01-13,8.8,75.01,234.35,0.0,Madrid,north
2023-01-14,7.5,74.56,237.19,1.37,Madrid,north
2023-01-15,10.68,73.65,240.15,0.37,Madrid,north
2023-01-16,10.42,68.61,243.21,2.7,Madrid,north
2023-01-17,12.6,75.31,246.37,4.9,Madrid,north
2023-01-18,6.03,67.07,249.64,0.66,Madrid,north
2023-01-19,8.56,71.62,253.02,0.49,Madrid,north
2023-01-20,11.81,74.63,256.49,1.77,Madrid,north
2023-01-21,7.82,72.38,260.07,2.19,Madrid,north
2023-01-22,10.79,69.72,263.75,3.36,Madrid,north
2023-01-23,9.22,67.67,267.53,2.16,Madrid,north
2023-01-24,11.62,73.68,271.41,0.62,Madrid,north
2023-01-25,8.17,63.15,275.38,0.38,Madrid,north
2023-01-26,12.62,73.21,279.46,0.0,Madrid,north
2023-01-27,12.35,68.71,283.62,0.0,Madrid,north
2023-01-28,15.9,70.37,287.88,2.36,Madrid,north
2023-01-29,16.89,66.03,292.23,0.42,Madrid,north
2023-01-30,14.98,62.29,296.68,1.16,Madrid,north
2023-01-31,12.33,73.56,301.21,1.67,Madrid,north
2023-02-01,10.66,73.44,305.83,2.34,Madrid,north
2023-02-02,10.62,65.01,310.54,0.22,Madrid,north
2023-02-03,10.66,73.64,315.34,0.53,Madrid,north
2023-02-04,12.65,62.99,320.22,0.41,Madrid,north
2023-02-05,16.41,71.77,325.18,0.0,Madrid,north
2023-02-06,11.7,71.06,330.22,0.25,Madrid,north
2023-02-07,12.82,63.42,335.35,0.0,Madrid,north
2023-02-08,14.35,65.66,340.55,2.69,Madrid,north
2023-02-09,14.26,62.57,345.83,2.01,Madrid,north
2023-02-10,17.33,63.54,351.18,0.0,Madrid,north
2023-02-11,13.91,60.29,356.61,3.37,Madrid,north
2023-02-12,12.33,65.22,362.11,3.1,Madrid,north
2023-02-13,17.08,64.1,367.68,0.0,Madrid,north
2023-02-14,15.21,65.28,373.32,3.09,Madrid,north
2023-02-15,15.5,59.53,379.03,2.34,Madrid,north
2023-02-16,18.11,64.94,384.8,2.02,Madrid,north
2023-02-17,16.37,59.84,390.63,0.82,Madrid,north
2023-02-18,14.21,62.49,396.53,0.0,Madrid,north
2023-02-19,17.39,66.38,402.49,0.0,Madrid,north
2023-02-20,15.11,65.21,408.51,1.54,Madrid,north
2023-02-21,17.32,53.96,414.58,2.64,Madrid,north
2023-02-22,20.94,72.69,420.71,1.63,Madrid,north
2023-02-23,18.96,61.26,426.89,1.14,Madrid,north
2023-02-24,15.58,64.9,433.12,0.0,Madrid,north
2023-02-25,19.23,62.28,439.4,1.88,Madrid,north
2023-02-26,18.64,61.51,445.73,1.96,Madrid,north
2023-02-27,16.14,62.23,452.11,0.17,Madrid,north
2023-02-28,20.19,62.92,458.53,1.19,Madrid,north
2023-03-01,19.96,51.31,464.99,0.0,Madrid,north
2023-03-02,19.35,67.84,471.49,1.55,Madrid,north
2023-03-03,21.95,61.4,478.03,0.95,Madrid,north
2023-03-04,18.53,60.06,484.61,0.0,Madrid,north
2023-03-05,18.65,61.01,491.22,0.02,Madrid,north
2023-03-06,19.99,52.59,497.86,1.32,Madrid,north
2023-03-07,20.49,63.64,504.53,0.24,Madrid,north
2023-03-08,19.31,66.03,511.23,0.6,Madrid,north
2023-03-09,24.49,53.8,517.96,0.49,Madrid,north
2023-03-10,18.45,56.61,524.71,0.0,Madrid,north
2023-03-11,19.93,64.16,531.48,0.0,Madrid,north
2023-03-12,22.3,52.75,538.28,0.3,Madrid,north
2023-03-13,23.9,61.96,545.09,1.05,Madrid,north
2023-03-14,22.7,62.23,551.92,1.43,Madrid,north
2023-03-15,24.43,53.85,558.76,0.65,Madrid,north
2023-03-16,23.07,62.48,565.61,1.33,Madrid,north
2023-03-17,24.58,55.92,572.48,0.0,Madrid,north
2023-03-18,24.68,58.1,579.35,0.12,Madrid,north
2023-03-19,22.37,55.63,586.23,1.75,Madrid,north
2023-03-20,24.24,59.03,593.11,1.25,Madrid,north
2023-03-21,22.68,62.29,600.0,0.0,Madrid,north
2023-03-22,20.44,56.63,606.89,0.26,Madrid,north
2023-03-23,21.02,59.61,613.77,0.0,Madrid,north
2023-03-24,23.51,56.8,620.65,0.71,Madrid,north
2023-03-25,21.56,54.89,627.52,1.84,Madrid,north
2023-03-26,24.45,60.34,634.39,0.56,Madrid,north
2023-03-27,20.1,52.86,641.24,0.49,Madrid,north
2023-03-28,26.24,60.54,648.08,1.02,Madrid,north
2023-03-29,22.06,55.16,654.91,0.37,Madrid,north
2023-03-30,23.41,48.02,661.72,1.03,Madrid,north
2023-03-31,23.96,57.87,668.52,0.0,Madrid,north
2023-04-01,21.89,71.74,675.29,0.0,Madrid,north
2023-04-02,24.84,55.36,682.04,0.0,Madrid,north
2023-04-03,27.83,52.5,688.77,0.7,Madrid,north
2023-04-04,28.12,48.53,695.47,0.15,Madrid,north
2023-04-05,23.9,45.28,702.14,0.79,Madrid,north
2023-04-06,25.64,52.72,708.78,1.09,Madrid,north
2023-04-07,26.53,53.16,715.39,0.35,Madrid,north
2023-04-08,27.33,47.64,721.97,1.65,Madrid,north
2023-04-09,24.6,54.6,728.51,1.97,Madrid,north
2023-04-10,20.54,49.47,735.01,0.2,Madrid,north
2023-04-11,28.57,48.05,741.47,2.6,Madrid,north
2023-04-12,22.18,51.49,747.89,0.21,Madrid,north
2023-04-13,26.32,46.57,754.27,0.16,Madrid,north
2023-04-14,21.74,49.59,760.6,0.0,Madrid,north
2023-04-15,22.84,49.14,766.88,0.39,Madrid,north
2023-04-16,27.57,41.6,773.11,0.77,Madrid,north
2023-04-17,26.23,46.51,779.29,0.0,Madrid,north
2023-04-18,25.48,52.1,785.42,0.2,Madrid,north
2023-04-19,27.38,45.97,791.49,1.61,Madrid,north
2023-04-20,25.79,46.12,797.51,0.0,Madrid,north
2023-04-21,22.93,48.57,803.47,0.29,Madrid,north
2023-04-22,26.39,42.9,809.37,0.33,Madrid,north
2023-04-23,24.61,47.46,815.2,0.28,Madrid,north
2023-04-24,29.62,42.21,820.97,1.11,Madrid,north
2023-04-25,23.81,42.98,826.68,0.0,Madrid,north
2023-04-26,28.46,47.16,832.32,0.48,Madrid,north
2023-04-27,26.43,39.22,837.89,1.22,Madrid,north
2023-04-28,28.76,44.14,843.39,0.4,Madrid,north
2023-04-29,27.29,43.11,848.82,0.27,Madrid,north
2023-04-30,25.01,41.93,854.17,0.11,Madrid,north
2023-05-01,27.46,41.69,859.45,0.13,Madrid,north
2023-05-02,24.75,35.51,864.65,1.21,Madrid,north
2023-05-03,27.01,47.02,869.78,0.07,Madrid,north
2023-05-04,28.9,43.09,874.82,1.11,Madrid,north
2023-05-05,25.94,41.83,879.78,0.07,Madrid,north
2023-05-06,26.11,42.86,884.66,1.1,Madrid,north
2023-05-07,29.01,41.87,889.46,0.94,Madrid,north
2023-05-08,20.47,38.76,894.17,0.45,Madrid,north
2023-05-09,27.65,42.92,898.79,0.29,Madrid,north
2023-05-10,24.92,36.5,903.32,1.22,Madrid,north
2023-05-11,28.05,46.74,907.77,0.32,Madrid,north
2023-05-12,24.69,42.67,912.12,0.29,Madrid,north
2023-05-13,25.46,39.48,916.38,0.02,Madrid,north
2023-05-14,23.92,38.1,920.54,0.0,Madrid,north
2023-05-15,26.81,43.22,924.62,0.0,Madrid,north
2023-05-16,21.9,40.7,928.59,0.39,Madrid,north
2023-05-17,25.53,31.78,932.47,0.0,Madrid,north
2023-05-18,28.85,37.09,936.25,0.49,Madrid,north
2023-05-19,25.21,39.97,939.93,0.0,Madrid,north
2023-05-20,24.39,30.85,943.51,0.0,Madrid,north
2023-05-21,23.78,28.33,946.98,0.08,Madrid,north
2023-05-22,23.69,31.16,950.36,0.21,Madrid,north
2023-05-23,25.01,32.65,953.63,1.03,Madrid,north
2023-05-24,26.38,42.18,956.79,0.13,Madrid,north
2023-05-25,26.63,40.15,959.85,0.0,Madrid,north
2023-05-26,23.38,50.65,962.81,0.09,Madrid,north
2023-05-27,25.62,34.75,965.65,0.54,Madrid,north
2023-05-28,22.55,30.56,968.39,0.64,Madrid,north
2023-05-29,24.83,22.96,971.02,0.24,Madrid,north
2023-05-30,23.96,38.67,973.53,0.34,Madrid,north
2023-05-31,24.89,35.33,975.94,0.33,Madrid,north
2023-06-01,21.78,30.59,978.24,0.0,Madrid,north
2023-06-02,21.28,38.39,980.42,0.58,Madrid,north
2023-06-03,25.06,31.23,982.49,0.04,Madrid,north
2023-06-04,22.82,39.59,984.45,0.39,Madrid,north
2023-06-05,27.05,28.97,986.3,0.14,Madrid,north
2023-06-06,20.91,26.53,988.03,0.16,Madrid,north
2023-06-07,22.62,30.86,989.64,0.0,Madrid,north
2023-06-08,23.54,31.82,991.14,0.5,Madrid,north
2023-06-09,24.1,26.49,992.52,0.33,Madrid,north
2023-06-10,21.65,40.53,993.79,0.2,Madrid,north
2023-06-11,21.69,30.66,994.94,0.0,Madrid,north
2023-06-12,25.09,43.12,995.97,0.0,Madrid,north
2023-06-13,21.87,31.81,996.89,0.02,Madrid,north
2023-06-14,24.65,38.44,997.69,0.13,Madrid,north
2023-06-15,26.19,32.21,998.37,0.13,Madrid,north
2023-06-16,22.44,28.17,998.93,0.64,Madrid,north
2023-06-17,22.94,29.98,999.37,0.14,Madrid,north
2023-06-18,19.72,32.93,999.7,0.0,Madrid,north
2023-06-19,21.36,28.9,999.91,0.37,Madrid,north
2023-06-20,23.26,35.29,1000.0,0.16,Madrid,north
2023-06-21,19.57,29.73,999.97,0.2,Madrid,north
2023-06-22,21.78,28.28,999.82,0.0,Madrid,north
2023-06-23,20.96,37.8,999.55,0.76,Madrid,north
2023-06-24,22.01,25.95,999.17,0.63,Madrid,north
2023-06-25,18.54,26.95,998.66,0.33,Madrid,north
2023-06-26,17.27,34.72,998.04,0.19,Madrid,north
2023-06-27,20.63,26.5,997.3,0.46,Madrid,north
2023-06-28,20.66,28.72,996.45,0.49,Madrid,north
2023-06-29,14.11,32.27,995.47,0.17,Madrid,north
2023-06-30,17.63,31.28,994.38,0.36,Madrid,north
2023-07-01,17.54,29.73,993.17,0.2,Madrid,north
2023-07-02,19.59,36.4,991.85,0.06,Madrid,north
2023-07-03,21.23,23.69,990.4,0.31,Madrid,north
2023-07-04,14.94,30.53,988.85,0.44,Madrid,north
2023-07-05,22.21,30.37,987.18,0.0,Madrid,north
2023-07-06,20.0,30.3,985.39,0.25,Madrid,north
2023-07-07,19.57,35.52,983.49,0.0,Madrid,north
2023-07-08,17.61,29.95,981.47,0.0,Madrid,north
2023-07-09,14.04,29.68,979.34,0.07,Madrid,north
2023-07-10,15.61,29.32,977.1,0.11,Madrid,north
2023-07-11,16.87,37.88,974.75,0.22,Madrid,north
2023-07-12,20.37,36.22,972.29,0.57,Madrid,north
2023-07-13,14.93,28.54,969.72,0.0,Madrid,north
2023-07-14,16.99,29.68,967.03,0.4,Madrid,north
2023-07-15,16.53,30.88,964.24,0.11,Madrid,north
2023-07-16,13.75,27.85,961.34,0.51,Madrid,north
2023-07-17,15.13,29.79,958.34,0.58,Madrid,north
2023-07-18,16.2,22.75,955.22,0.22,Madrid,north
2023-07-19,13.25,29.9,952.0,0.41,Madrid,north
2023-07-20,15.77,38.53,948.68,0.07,Madrid,north
2023-07-21,13.93,33.14,945.26,0.65,Madrid,north
2023-07-22,12.22,33.76,941.73,0.54,Madrid,north
2023-07-23,13.74,28.99,938.1,0.58,Madrid,north
2023-07-24,14.66,32.46,934.37,0.0,Madrid,north
2023-07-25,10.12,30.07,930.54,0.17,Madrid,north
2023-07-26,14.24,26.8,926.62,0.56,Madrid,north
2023-07-27,13.9,27.01,922.59,0.71,Madrid,north
2023-07-28,12.16,27.32,918.47,0.41,Madrid,north
2023-07-29,12.57,26.38,914.26,0.58,Madrid,north
2023-07-30,12.34,27.21,909.95,0.0,Madrid,north
2023-07-31,12.97,31.61,905.56,0.37,Madrid,north
2023-08-01,14.63,18.78,901.07,0.93,Madrid,north
2023-08-02,14.37,26.45,896.49,0.82,Madrid,north
2023-08-03,9.77,26.27,891.82,0.28,Madrid,north
2023-08-04,14.81,33.42,887.07,0.36,Madrid,north
2023-08-05,12.69,28.64,882.23,1.11,Madrid,north
2023-08-06,13.82,34.04,877.31,0.0,Madrid,north
2023-08-07,12.58,33.52,872.31,0.69,Madrid,north
2023-08-08,12.47,34.38,867.23,0.0,Madrid,north
2023-08-09,12.94,33.76,862.06,0.54,Madrid,north
2023-08-10,10.95,34.08,856.82,0.79,Madrid,north
2023-08-11,9.88,31.81,851.51,0.07,Madrid,north
2023-08-12,8.22,31.43,846.11,0.96,Madrid,north
2023-08-13,8.34,32.49,840.65,0.33,Madrid,north
2023-08-14,9.84,36.48,835.11,1.58,Madrid,north
2023-08-15,5.76,32.28,829.51,0.75,Madrid,north
2023-08-16,4.94,42.33,823.84,0.34,Madrid,north
2023-08-17,6.49,38.67,818.1,0.0,Madrid,north
2023-08-18,8.27,29.07,812.29,0.42,Madrid,north
2023-08-19,8.36,38.2,806.42,0.7,Madrid,north
2023-08-20,11.56,34.76,800.5,0.21,Madrid,north
2023-08-21,9.61,34.34,794.51,0.73,Madrid,north
2023-08-22,-0.94,37.16,788.46,0.4,Madrid,north
2023-08-23,5.84,31.84,782.36,1.09,Madrid,north
2023-08-24,2.41,51.1,776.21,1.28,Madrid,north
2023-08-25,7.01,45.09,770.0,0.67,Madrid,north
2023-08-26,4.26,40.96,763.74,0.0,Madrid,north
2023-08-27,7.03,42.06,757.44,0.89,Madrid,north
2023-08-28,2.71,37.35,751.08,0.41,Madrid,north
2023-08-29,3.92,25.01,744.69,0.0,Madrid,north
2023-08-30,4.19,42.46,738.24,2.64,Madrid,north
2023-08-31,6.7,33.15,731.76,0.19,Madrid,north
2023-09-01,6.94,40.43,725.24,0.84,Madrid,north
2023-09-02,5.05,43.62,718.69,2.34,Madrid,north
2023-09-03,4.39,38.69,712.09,0.96,Madrid,north
2023-09-04,3.24,27.21,705.47,0.96,Madrid,north
2023-09-05,2.5,45.04,698.81,0.72,Madrid,north
2023-09-06,6.77,34.45,692.12,1.54,Madrid,north
2023-09-07,0.31,43.71,685.41,0.37,Madrid,north
2023-09-08,5.26,37.52,678.67,1.19,Madrid,north
2023-09-09,4.2,41.52,671.91,0.99,Madrid,north
2023-09-10,6.37,37.09,665.12,1.87,Madrid,north
2023-09-11,2.12,46.23,658.32,2.75,Madrid,north
2023-09-12,1.05,29.72,651.5,0.77,Madrid,north
2023-09-13,1.09,38.17,644.66,0.32,Madrid,north
2023-09-14,1.23,48.27,637.81,1.71,Madrid,north
2023-09-15,4.44,52.98,630.95,0.0,Madrid,north
2023-09-16,-3.04,51.85,624.09,0.9,Madrid,north
2023-09-17,1.67,33.03,617.21,0.0,Madrid,north
2023-09-18,3.01,41.65,610.33,0.0,Madrid,north
2023-09-19,-0.42,47.93,603.44,1.97,Madrid,north
2023-09-20,1.73,57.18,596.56,1.74,Madrid,north
2023-09-21,4.77,50.0,589.67,1.56,Madrid,north
2023-09-22,-1.68,35.65,582.79,0.0,Madrid,north
2023-09-23,1.37,43.99,575.91,1.11,Madrid,north
2023-09-24,0.67,46.7,569.05,1.78,Madrid,north
2023-09-25,0.58,43.2,562.19,0.0,Madrid,north
2023-09-26,2.18,41.11,555.34,0.0,Madrid,north
2023-09-27,2.03,49.9,548.5,1.5,Madrid,north
2023-09-28,2.07,40.18,541.68,0.49,Madrid,north
2023-09-29,-1.06,54.63,534.88,1.74,Madrid,north
2023-09-30,-0.57,50.53,528.09,1.2,Madrid,north
2023-10-01,-0.44,48.99,521.33,1.76,Madrid,north
2023-10-02,-0.6,40.75,514.59,1.2,Madrid,north
2023-10-03,-0.96,41.61,507.88,0.0,Madrid,north
2023-10-04,-1.04,47.82,501.19,1.47,Madrid,north
2023-10-05,-1.07,50.27,494.53,0.35,Madrid,north
2023-10-06,0.34,50.38,487.91,1.51,Madrid,north
2023-10-07,2.03,47.3,481.31,0.0,Madrid,north
2023-10-08,-1.1,53.1,474.76,0.86,Madrid,north
2023-10-09,-0.39,40.78,468.24,0.0,Madrid,north
2023-10-10,-0.04,53.63,461.76,0.0,Madrid,north
2023-10-11,-0.46,46.53,455.31,0.0,Madrid,north
2023-10-12,-1.14,51.52,448.92,1.37,Madrid,north
2023-10-13,0.11,59.16,442.56,2.11,Madrid,north
2023-10-14,-2.14,55.82,436.26,0.0,Madrid,north
2023-10-15,-1.29,56.73,430.0,1.78,Madrid,north
2023-10-16,0.11,61.36,423.79,0.0,Madrid,north
2023-10-17,-0.02,51.68,417.64,2.4,Madrid,north
2023-10-18,-1.43,56.4,411.54,3.01,Madrid,north
2023-10-19,-0.45,51.78,405.49,0.41,Madrid,north
2023-10-20,-3.15,58.36,399.5,2.73,Madrid,north
2023-10-21,-2.29,44.46,393.58,0.05,Madrid,north
2023-10-22,-0.97,49.12,387.71,0.0,Madrid,north
2023-10-23,-2.76,43.99,381.9,1.4,Madrid,north
2023-10-24,-2.71,54.82,376.16,2.79,Madrid,north
2023-10-25,-3.75,44.12,370.49,0.91,Madrid,north
2023-10-26,-1.02,48.04,364.89,0.43,Madrid,north
2023-10-27,-2.67,55.66,359.35,0.07,Madrid,north
2023-10-28,3.34,54.54,353.89,1.25,Madrid,north
2023-10-29,-2.96,42.96,348.49,3.02,Madrid,north
2023-10-30,-8.31,63.29,343.18,0.0,Madrid,north
2023-10-31,-4.72,56.29,337.94,4.27,Madrid,north
2023-11-01,-1.36,56.2,332.77,0.0,Madrid,north
2023-11-02,-0.69,55.62,327.69,2.08,Madrid,north
2023-11-03,-5.91,60.43,322.69,1.5,Madrid,north
2023-11-04,-4.68,52.95,317.77,0.79,Madrid,north
2023-11-05,-2.92,59.87,312.93,0.0,Madrid,north
2023-11-06,-3.69,69.3,308.18,0.0,Madrid,north
2023-11-07,-2.74,58.16,303.51,0.6,Madrid,north
2023-11-08,0.55,56.49,298.93,2.38,Madrid,north
2023-11-09,-3.53,63.52,294.44,0.71,Madrid,north
2023-11-10,-2.13,59.51,290.05,1.92,Madrid,north
2023-11-11,-4.13,55.4,285.74,4.29,Madrid,north
2023-11-12,-0.68,58.74,281.53,2.09,Madrid,north
2023-11-13,-1.76,49.58,277.41,1.33,Madrid,north
2023-11-14,-1.82,62.87,273.38,0.0,Madrid,north
2023-11-15,-1.96,67.12,269.46,0.83,Madrid,north
2023-11-16,-2.31,63.51,265.63,0.44,Madrid,north
2023-11-17,0.75,61.09,261.9,1.68,Madrid,north
2023-11-18,-2.72,56.0,258.27,2.27,Madrid,north
2023-11-19,-0.71,65.7,254.74,2.3,Madrid,north
2023-11-20,-4.1,63.37,251.32,0.0,Madrid,north
2023-11-21,-0.04,57.61,248.0,1.88,Madrid,north
2023-11-22,0.47,60.6,244.78,1.07,Madrid,north
2023-11-23,1.55,55.28,241.66,2.18,Madrid,north
2023-11-24,-0.56,68.54,238.66,0.0,Madrid,north
2023-11-25,-0.69,69.57,235.76,3.39,Madrid,north
2023-11-26,-2.13,62.9,232.97,4.22,Madrid,north
2023-11-27,-3.33,64.3,230.28,1.42,Madrid,north
2023-11-28,-0.03,60.1,227.71,2.76,Madrid,north
2023-11-29,1.51,74.08,225.25,0.0,Madrid,north
2023-11-30,-1.11,70.71,222.9,4.22,Madrid,north
2023-12-01,-0.04,57.8,220.66,0.77,Madrid,north
2023-12-02,2.03,69.05,218.53,3.04,Madrid,north
2023-12-03,4.08,63.71,216.51,0.0,Madrid,north
2023-12-04,-2.04,65.46,214.61,2.89,Madrid,north
2023-12-05,3.95,67.37,212.82,1.17,Madrid,north
2023-12-06,0.37,72.61,211.15,0.0,Madrid,north
2023-12-07,0.57,66.28,209.6,1.1,Madrid,north
2023-12-08,4.54,62.4,208.15,5.39,Madrid,north
2023-12-09,-0.23,62.94,206.83,0.01,Madrid,north
2023-12-10,2.53,67.15,205.62,3.09,Madrid,north
2023-12-11,-0.26,59.03,204.53,0.51,Madrid,north
2023-12-12,2.1,60.21,203.55,0.97,Madrid,north
2023-12-13,2.78,63.69,202.7,0.0,Madrid,north
2023-12-14,-0.32,67.16,201.96,1.95,Madrid,north
2023-12-15,7.53,73.86,201.34,0.0,Madrid,north
2023-12-16,-0.87,67.62,200.83,3.89,Madrid,north
2023-12-17,3.7,65.68,200.45,2.9,Madrid,north
2023-12-18,5.31,75.76,200.18,0.0,Madrid,north
2023-12-19,3.61,62.18,200.03,0.0,Madrid,north
2023-12-20,0.36,67.4,200.0,0.0,Madrid,north
2023-12-21,4.65,68.76,200.09,0.0,Madrid,north
2023-12-22,4.26,76.59,200.3,1.76,Madrid,north
2023-12-23,2.31,67.63,200.63,0.98,Madrid,north
2023-12-24,2.27,60.59,201.07,0.5,Madrid,north
2023-12-25,6.35,65.11,201.63,0.0,Madrid,north
2023-12-26,3.89,74.85,202.31,0.0,Madrid,north
2023-12-27,4.65,71.48,203.11,2.09,Madrid,north
2023-12-28,5.58,72.54,204.03,0.0,Madrid,north
2023-12-29,5.9,76.46,205.06,0.77,Madrid,north
2023-12-30,5.62,64.57,206.21,3.41,Madrid,north
2023-12-31,3.85,77.95,207.48,0.5,Madrid,north
